tag,patterns,responses
دعم_فني,مشكلة,نضمن استقرار وأداء عالي لنظامك
اسعار,رخيص,نضمن لك أفضل قيمة مقابل السعر
اسعار,اكو خصم,نوضح كل التكاليف بشفافية قبل البدء
دعم_فني,صيانة,نوفر دعم مستمر بعد التسليم
دعم_فني,مشكلة,نحل المشكلة بأسرع وقت ممكن
اسعار,بيش,عدنا باقات مرنة تناسب ميزانيتك
اسعار,غالي,نوضح كل التكاليف بشفافية قبل البدء
دعم_فني,ما يشتغل,فريق الدعم جاهز يساعدك بأي وقت
دعم_فني,تحديث,نوفر دعم مستمر بعد التسليم
منافسين,افضل شركة,نقدم قيمة حقيقية مو بس خدمة
منافسين,ليش اختاركم,نتميز بالجودة والدعم المستمر
دعم_فني,تعليق,نضمن استقرار وأداء عالي لنظامك
اسعار,تكلفة المشروع,نوضح كل التكاليف بشفافية قبل البدء
دعم_فني,دعم سريع,نوفر دعم مستمر بعد التسليم
منافسين,ليش اختاركم,هدفنا نكون شريكك التقني الموثوق
دعم_فني,ما يشتغل,نحل المشكلة بأسرع وقت ممكن
منافسين,شنو ميزتكم,نتميز بالجودة والدعم المستمر
منافسين,افضل شركة,نقدم قيمة حقيقية مو بس خدمة
اسعار,غالي,نوضح كل التكاليف بشفافية قبل البدء
اسعار,كم يكلف,نضمن لك أفضل قيمة مقابل السعر
اسعار,اريد عرض سعر,نوضح كل التكاليف بشفافية قبل البدء
اسعار,رخيص,عدنا باقات مرنة تناسب ميزانيتك
اسعار,غالي,عدنا باقات مرنة تناسب ميزانيتك
منافسين,شنو ميزتكم,نقدم قيمة حقيقية مو بس خدمة
منافسين,شنو ميزتكم,نتميز بالجودة والدعم المستمر
اسعار,غالي,نضمن لك أفضل قيمة مقابل السعر
اسعار,غالي,نحدد السعر حسب تفاصيل مشروعك ونقدم عرض مناسب
دعم_فني,دعم سريع,نضمن استقرار وأداء عالي لنظامك
دعم_فني,عندكم دعم,نوفر دعم مستمر بعد التسليم
اسعار,اكو خصم,نوضح كل التكاليف بشفافية قبل البدء
دعم_فني,ما يشتغل,نضمن استقرار وأداء عالي لنظامك
منافسين,اثق بيكم,هدفنا نكون شريكك التقني الموثوق
دعم_فني,ما يشتغل,فريق الدعم جاهز يساعدك بأي وقت
منافسين,فرقكم,نقدم قيمة حقيقية مو بس خدمة
دعم_فني,تعليق,نضمن استقرار وأداء عالي لنظامك
دعم_فني,عندكم دعم,نحل المشكلة بأسرع وقت ممكن
منافسين,جودة,نتميز بالجودة والدعم المستمر
اسعار,بيش,نوضح كل التكاليف بشفافية قبل البدء
اسعار,بيش,نحدد السعر حسب تفاصيل مشروعك ونقدم عرض مناسب
منافسين,تجارب,هدفنا نكون شريكك التقني الموثوق
اسعار,كم يكلف,نضمن لك أفضل قيمة مقابل السعر
دعم_فني,عندكم دعم,نوفر دعم مستمر بعد التسليم
اسعار,بيش,نوضح كل التكاليف بشفافية قبل البدء
منافسين,جودة,عدنا خبرة وتجارب ناجحة مع عملاء
منافسين,جودة,عدنا خبرة وتجارب ناجحة مع عملاء
منافسين,افضل شركة,نقدم قيمة حقيقية مو بس خدمة
اسعار,غالي,نوضح كل التكاليف بشفافية قبل البدء
اسعار,كم يكلف,عدنا باقات مرنة تناسب ميزانيتك
منافسين,مقارنة,نقدم قيمة حقيقية مو بس خدمة
اسعار,بيش,عدنا باقات مرنة تناسب ميزانيتك
منافسين,غيركم ارخص,عدنا خبرة وتجارب ناجحة مع عملاء
اسعار,تقسيط,عدنا باقات مرنة تناسب ميزانيتك
دعم_فني,صيانة,فريق الدعم جاهز يساعدك بأي وقت
دعم_فني,تحديث,فريق الدعم جاهز يساعدك بأي وقت
منافسين,مقارنة,نقدم قيمة حقيقية مو بس خدمة
اسعار,تكلفة المشروع,عدنا باقات مرنة تناسب ميزانيتك
اسعار,اكو خصم,نحدد السعر حسب تفاصيل مشروعك ونقدم عرض مناسب
منافسين,مقارنة,نتميز بالجودة والدعم المستمر
دعم_فني,تحديث,نضمن استقرار وأداء عالي لنظامك
اسعار,تكلفة المشروع,نحدد السعر حسب تفاصيل مشروعك ونقدم عرض مناسب
اسعار,اريد عرض سعر,عدنا باقات مرنة تناسب ميزانيتك
منافسين,مقارنة,نقدم قيمة حقيقية مو بس خدمة
دعم_فني,بطء,نضمن استقرار وأداء عالي لنظامك
منافسين,مقارنة,هدفنا نكون شريكك التقني الموثوق
اسعار,اريد عرض سعر,نحدد السعر حسب تفاصيل مشروعك ونقدم عرض مناسب
دعم_فني,ما يشتغل,فريق الدعم جاهز يساعدك بأي وقت
دعم_فني,عندكم دعم,نحل المشكلة بأسرع وقت ممكن
دعم_فني,صيانة,نضمن استقرار وأداء عالي لنظامك
اسعار,تقسيط,نوضح كل التكاليف بشفافية قبل البدء
دعم_فني,عندكم دعم,نحل المشكلة بأسرع وقت ممكن
اسعار,اكو خصم,نحدد السعر حسب تفاصيل مشروعك ونقدم عرض مناسب
اسعار,شكد السعر,عدنا باقات مرنة تناسب ميزانيتك
منافسين,شنو ميزتكم,نتميز بالجودة والدعم المستمر
منافسين,جودة,نتميز بالجودة والدعم المستمر
دعم_فني,احتاج مساعدة,نوفر دعم مستمر بعد التسليم
اسعار,شكد السعر,نوضح كل التكاليف بشفافية قبل البدء
اسعار,تقسيط,نوضح كل التكاليف بشفافية قبل البدء
اسعار,تقسيط,نوضح كل التكاليف بشفافية قبل البدء
منافسين,فرقكم,هدفنا نكون شريكك التقني الموثوق
منافسين,غيركم ارخص,عدنا خبرة وتجارب ناجحة مع عملاء
دعم_فني,مشكلة,فريق الدعم جاهز يساعدك بأي وقت
اسعار,تكلفة المشروع,نوضح كل التكاليف بشفافية قبل البدء
دعم_فني,بطء,نحل المشكلة بأسرع وقت ممكن
دعم_فني,تحديث,نضمن استقرار وأداء عالي لنظامك
اسعار,تكلفة المشروع,نحدد السعر حسب تفاصيل مشروعك ونقدم عرض مناسب
منافسين,ليش اختاركم,هدفنا نكون شريكك التقني الموثوق
منافسين,افضل شركة,هدفنا نكون شريكك التقني الموثوق
دعم_فني,احتاج مساعدة,نوفر دعم مستمر بعد التسليم
دعم_فني,عندكم دعم,نوفر دعم مستمر بعد التسليم
منافسين,جودة,عدنا خبرة وتجارب ناجحة مع عملاء
دعم_فني,عندكم دعم,فريق الدعم جاهز يساعدك بأي وقت
اسعار,شكد السعر,عدنا باقات مرنة تناسب ميزانيتك
دعم_فني,تحديث,فريق الدعم جاهز يساعدك بأي وقت
اسعار,تقسيط,نوضح كل التكاليف بشفافية قبل البدء
دعم_فني,دعم سريع,نضمن استقرار وأداء عالي لنظامك
اسعار,رخيص,عدنا باقات مرنة تناسب ميزانيتك
منافسين,غيركم ارخص,عدنا خبرة وتجارب ناجحة مع عملاء
دعم_فني,تعليق,نوفر دعم مستمر بعد التسليم
دعم_فني,مشكلة,نضمن استقرار وأداء عالي لنظامك
دعم_فني,عندكم دعم,نضمن استقرار وأداء عالي لنظامك
منافسين,شنو ميزتكم,نقدم قيمة حقيقية مو بس خدمة
منافسين,افضل شركة,نقدم قيمة حقيقية مو بس خدمة
اسعار,اريد عرض سعر,نحدد السعر حسب تفاصيل مشروعك ونقدم عرض مناسب
منافسين,جودة,نتميز بالجودة والدعم المستمر
منافسين,تجارب,عدنا خبرة وتجارب ناجحة مع عملاء
منافسين,غيركم ارخص,هدفنا نكون شريكك التقني الموثوق
منافسين,مقارنة,نتميز بالجودة والدعم المستمر
دعم_فني,تحديث,فريق الدعم جاهز يساعدك بأي وقت
دعم_فني,بطء,نضمن استقرار وأداء عالي لنظامك
دعم_فني,دعم سريع,نحل المشكلة بأسرع وقت ممكن
اسعار,كم يكلف,نحدد السعر حسب تفاصيل مشروعك ونقدم عرض مناسب
منافسين,شنو ميزتكم,هدفنا نكون شريكك التقني الموثوق
دعم_فني,ما يشتغل,فريق الدعم جاهز يساعدك بأي وقت
اسعار,كم يكلف,نوضح كل التكاليف بشفافية قبل البدء
منافسين,تجارب,عدنا خبرة وتجارب ناجحة مع عملاء
اسعار,اريد عرض سعر,نحدد السعر حسب تفاصيل مشروعك ونقدم عرض مناسب
دعم_فني,دعم سريع,نوفر دعم مستمر بعد التسليم
دعم_فني,دعم سريع,فريق الدعم جاهز يساعدك بأي وقت
منافسين,تجارب,نقدم قيمة حقيقية مو بس خدمة
اسعار,كم يكلف,نضمن لك أفضل قيمة مقابل السعر
منافسين,فرقكم,نتميز بالجودة والدعم المستمر
اسعار,شكد السعر,عدنا باقات مرنة تناسب ميزانيتك
منافسين,افضل شركة,هدفنا نكون شريكك التقني الموثوق
منافسين,شنو ميزتكم,نتميز بالجودة والدعم المستمر
دعم_فني,بطء,نوفر دعم مستمر بعد التسليم
دعم_فني,تعليق,نوفر دعم مستمر بعد التسليم
اسعار,تكلفة المشروع,نحدد السعر حسب تفاصيل مشروعك ونقدم عرض مناسب
دعم_فني,بطء,نضمن استقرار وأداء عالي لنظامك
دعم_فني,مشكلة,نضمن استقرار وأداء عالي لنظامك
دعم_فني,ما يشتغل,نضمن استقرار وأداء عالي لنظامك
دعم_فني,عندكم دعم,نحل المشكلة بأسرع وقت ممكن
دعم_فني,بطء,نحل المشكلة بأسرع وقت ممكن
دعم_فني,ما يشتغل,نحل المشكلة بأسرع وقت ممكن
اسعار,شكد السعر,نحدد السعر حسب تفاصيل مشروعك ونقدم عرض مناسب
دعم_فني,ما يشتغل,فريق الدعم جاهز يساعدك بأي وقت
دعم_فني,ما يشتغل,فريق الدعم جاهز يساعدك بأي وقت
منافسين,غيركم ارخص,نتميز بالجودة والدعم المستمر
منافسين,افضل شركة,نقدم قيمة حقيقية مو بس خدمة
منافسين,افضل شركة,نتميز بالجودة والدعم المستمر
منافسين,جودة,عدنا خبرة وتجارب ناجحة مع عملاء
اسعار,رخيص,نوضح كل التكاليف بشفافية قبل البدء
دعم_فني,تعليق,نوفر دعم مستمر بعد التسليم
اسعار,غالي,عدنا باقات مرنة تناسب ميزانيتك
دعم_فني,بطء,فريق الدعم جاهز يساعدك بأي وقت
اسعار,غالي,نحدد السعر حسب تفاصيل مشروعك ونقدم عرض مناسب
دعم_فني,دعم سريع,نحل المشكلة بأسرع وقت ممكن
منافسين,جودة,عدنا خبرة وتجارب ناجحة مع عملاء
اسعار,اريد عرض سعر,نضمن لك أفضل قيمة مقابل السعر
منافسين,مقارنة,نقدم قيمة حقيقية مو بس خدمة
منافسين,مقارنة,نتميز بالجودة والدعم المستمر
دعم_فني,دعم سريع,نضمن استقرار وأداء عالي لنظامك
منافسين,افضل شركة,نقدم قيمة حقيقية مو بس خدمة
منافسين,جودة,نقدم قيمة حقيقية مو بس خدمة
اسعار,تكلفة المشروع,نوضح كل التكاليف بشفافية قبل البدء
اسعار,شكد السعر,نضمن لك أفضل قيمة مقابل السعر
دعم_فني,ما يشتغل,نوفر دعم مستمر بعد التسليم
منافسين,اثق بيكم,نتميز بالجودة والدعم المستمر
منافسين,غيركم ارخص,نتميز بالجودة والدعم المستمر
اسعار,اكو خصم,نحدد السعر حسب تفاصيل مشروعك ونقدم عرض مناسب
اسعار,بيش,نضمن لك أفضل قيمة مقابل السعر
دعم_فني,تحديث,نضمن استقرار وأداء عالي لنظامك
منافسين,غيركم ارخص,نقدم قيمة حقيقية مو بس خدمة
دعم_فني,بطء,نضمن استقرار وأداء عالي لنظامك
اسعار,شكد السعر,عدنا باقات مرنة تناسب ميزانيتك
منافسين,افضل شركة,نقدم قيمة حقيقية مو بس خدمة
منافسين,شنو ميزتكم,نتميز بالجودة والدعم المستمر
اسعار,رخيص,نحدد السعر حسب تفاصيل مشروعك ونقدم عرض مناسب
منافسين,جودة,عدنا خبرة وتجارب ناجحة مع عملاء
اسعار,رخيص,عدنا باقات مرنة تناسب ميزانيتك
دعم_فني,مشكلة,فريق الدعم جاهز يساعدك بأي وقت
اسعار,بيش,نوضح كل التكاليف بشفافية قبل البدء
اسعار,كم يكلف,نوضح كل التكاليف بشفافية قبل البدء
اسعار,تكلفة المشروع,نحدد السعر حسب تفاصيل مشروعك ونقدم عرض مناسب
اسعار,تكلفة المشروع,عدنا باقات مرنة تناسب ميزانيتك
منافسين,غيركم ارخص,نقدم قيمة حقيقية مو بس خدمة
دعم_فني,ما يشتغل,نوفر دعم مستمر بعد التسليم
اسعار,اكو خصم,عدنا باقات مرنة تناسب ميزانيتك
منافسين,اثق بيكم,عدنا خبرة وتجارب ناجحة مع عملاء
دعم_فني,دعم سريع,نوفر دعم مستمر بعد التسليم
منافسين,فرقكم,نقدم قيمة حقيقية مو بس خدمة
دعم_فني,مشكلة,فريق الدعم جاهز يساعدك بأي وقت
دعم_فني,صيانة,فريق الدعم جاهز يساعدك بأي وقت
دعم_فني,تعليق,فريق الدعم جاهز يساعدك بأي وقت
دعم_فني,تحديث,نوفر دعم مستمر بعد التسليم
اسعار,تكلفة المشروع,نضمن لك أفضل قيمة مقابل السعر
منافسين,افضل شركة,هدفنا نكون شريكك التقني الموثوق
دعم_فني,دعم سريع,فريق الدعم جاهز يساعدك بأي وقت
اسعار,اكو خصم,نوضح كل التكاليف بشفافية قبل البدء
اسعار,غالي,نوضح كل التكاليف بشفافية قبل البدء
دعم_فني,عندكم دعم,نوفر دعم مستمر بعد التسليم
اسعار,بيش,عدنا باقات مرنة تناسب ميزانيتك
اسعار,تكلفة المشروع,نضمن لك أفضل قيمة مقابل السعر
دعم_فني,تعليق,نوفر دعم مستمر بعد التسليم
منافسين,غيركم ارخص,هدفنا نكون شريكك التقني الموثوق
اسعار,اريد عرض سعر,نوضح كل التكاليف بشفافية قبل البدء
منافسين,اثق بيكم,عدنا خبرة وتجارب ناجحة مع عملاء
اسعار,بيش,نوضح كل التكاليف بشفافية قبل البدء
دعم_فني,عندكم دعم,فريق الدعم جاهز يساعدك بأي وقت
منافسين,فرقكم,هدفنا نكون شريكك التقني الموثوق
منافسين,شنو ميزتكم,عدنا خبرة وتجارب ناجحة مع عملاء
منافسين,اثق بيكم,عدنا خبرة وتجارب ناجحة مع عملاء
دعم_فني,دعم سريع,نحل المشكلة بأسرع وقت ممكن
دعم_فني,ما يشتغل,نوفر دعم مستمر بعد التسليم
اسعار,غالي,نوضح كل التكاليف بشفافية قبل البدء
دعم_فني,بطء,نضمن استقرار وأداء عالي لنظامك
منافسين,شنو ميزتكم,عدنا خبرة وتجارب ناجحة مع عملاء
منافسين,جودة,نقدم قيمة حقيقية مو بس خدمة
دعم_فني,مشكلة,نضمن استقرار وأداء عالي لنظامك
دعم_فني,احتاج مساعدة,فريق الدعم جاهز يساعدك بأي وقت
اسعار,اريد عرض سعر,عدنا باقات مرنة تناسب ميزانيتك
منافسين,غيركم ارخص,نتميز بالجودة والدعم المستمر
دعم_فني,بطء,فريق الدعم جاهز يساعدك بأي وقت
دعم_فني,بطء,نوفر دعم مستمر بعد التسليم
منافسين,شنو ميزتكم,عدنا خبرة وتجارب ناجحة مع عملاء
منافسين,مقارنة,عدنا خبرة وتجارب ناجحة مع عملاء
اسعار,اكو خصم,عدنا باقات مرنة تناسب ميزانيتك
اسعار,تقسيط,نوضح كل التكاليف بشفافية قبل البدء
اسعار,اريد عرض سعر,نضمن لك أفضل قيمة مقابل السعر
دعم_فني,بطء,نحل المشكلة بأسرع وقت ممكن
دعم_فني,صيانة,فريق الدعم جاهز يساعدك بأي وقت
دعم_فني,مشكلة,نحل المشكلة بأسرع وقت ممكن
اسعار,اكو خصم,نضمن لك أفضل قيمة مقابل السعر
دعم_فني,ما يشتغل,نضمن استقرار وأداء عالي لنظامك
دعم_فني,احتاج مساعدة,فريق الدعم جاهز يساعدك بأي وقت
اسعار,اكو خصم,نوضح كل التكاليف بشفافية قبل البدء
منافسين,ليش اختاركم,عدنا خبرة وتجارب ناجحة مع عملاء
منافسين,افضل شركة,نقدم قيمة حقيقية مو بس خدمة
منافسين,شنو ميزتكم,نقدم قيمة حقيقية مو بس خدمة
اسعار,رخيص,نوضح كل التكاليف بشفافية قبل البدء
دعم_فني,صيانة,نوفر دعم مستمر بعد التسليم
منافسين,جودة,هدفنا نكون شريكك التقني الموثوق
اسعار,اريد عرض سعر,عدنا باقات مرنة تناسب ميزانيتك
دعم_فني,تعليق,فريق الدعم جاهز يساعدك بأي وقت
دعم_فني,مشكلة,فريق الدعم جاهز يساعدك بأي وقت
منافسين,فرقكم,نتميز بالجودة والدعم المستمر
دعم_فني,احتاج مساعدة,فريق الدعم جاهز يساعدك بأي وقت
منافسين,شنو ميزتكم,نقدم قيمة حقيقية مو بس خدمة
دعم_فني,تحديث,فريق الدعم جاهز يساعدك بأي وقت
منافسين,شنو ميزتكم,نتميز بالجودة والدعم المستمر
اسعار,تكلفة المشروع,عدنا باقات مرنة تناسب ميزانيتك
منافسين,غيركم ارخص,هدفنا نكون شريكك التقني الموثوق
دعم_فني,بطء,نحل المشكلة بأسرع وقت ممكن
دعم_فني,تعليق,نضمن استقرار وأداء عالي لنظامك
منافسين,فرقكم,نتميز بالجودة والدعم المستمر
دعم_فني,مشكلة,نحل المشكلة بأسرع وقت ممكن
دعم_فني,دعم سريع,فريق الدعم جاهز يساعدك بأي وقت
اسعار,غالي,نحدد السعر حسب تفاصيل مشروعك ونقدم عرض مناسب
منافسين,جودة,نقدم قيمة حقيقية مو بس خدمة
منافسين,فرقكم,نقدم قيمة حقيقية مو بس خدمة
اسعار,تقسيط,نحدد السعر حسب تفاصيل مشروعك ونقدم عرض مناسب
منافسين,فرقكم,هدفنا نكون شريكك التقني الموثوق
اسعار,اكو خصم,نحدد السعر حسب تفاصيل مشروعك ونقدم عرض مناسب
منافسين,افضل شركة,عدنا خبرة وتجارب ناجحة مع عملاء
منافسين,اثق بيكم,نتميز بالجودة والدعم المستمر
منافسين,مقارنة,نتميز بالجودة والدعم المستمر
دعم_فني,مشكلة,نحل المشكلة بأسرع وقت ممكن
منافسين,جودة,هدفنا نكون شريكك التقني الموثوق
منافسين,جودة,نتميز بالجودة والدعم المستمر
اسعار,غالي,عدنا باقات مرنة تناسب ميزانيتك
اسعار,تكلفة المشروع,نوضح كل التكاليف بشفافية قبل البدء
اسعار,كم يكلف,عدنا باقات مرنة تناسب ميزانيتك
منافسين,افضل شركة,نتميز بالجودة والدعم المستمر
اسعار,تقسيط,عدنا باقات مرنة تناسب ميزانيتك
اسعار,تكلفة المشروع,نضمن لك أفضل قيمة مقابل السعر
اسعار,تكلفة المشروع,نحدد السعر حسب تفاصيل مشروعك ونقدم عرض مناسب
اسعار,تقسيط,نحدد السعر حسب تفاصيل مشروعك ونقدم عرض مناسب
دعم_فني,تعليق,نوفر دعم مستمر بعد التسليم
منافسين,افضل شركة,عدنا خبرة وتجارب ناجحة مع عملاء
اسعار,بيش,نوضح كل التكاليف بشفافية قبل البدء
اسعار,اريد عرض سعر,نحدد السعر حسب تفاصيل مشروعك ونقدم عرض مناسب
دعم_فني,تعليق,فريق الدعم جاهز يساعدك بأي وقت
اسعار,اكو خصم,نضمن لك أفضل قيمة مقابل السعر
منافسين,جودة,نقدم قيمة حقيقية مو بس خدمة
اسعار,شكد السعر,نحدد السعر حسب تفاصيل مشروعك ونقدم عرض مناسب
دعم_فني,تعليق,فريق الدعم جاهز يساعدك بأي وقت
دعم_فني,تعليق,نحل المشكلة بأسرع وقت ممكن
منافسين,ليش اختاركم,عدنا خبرة وتجارب ناجحة مع عملاء
منافسين,غيركم ارخص,نقدم قيمة حقيقية مو بس خدمة
دعم_فني,مشكلة,نحل المشكلة بأسرع وقت ممكن
اسعار,رخيص,عدنا باقات مرنة تناسب ميزانيتك
دعم_فني,بطء,نضمن استقرار وأداء عالي لنظامك
دعم_فني,مشكلة,فريق الدعم جاهز يساعدك بأي وقت
دعم_فني,دعم سريع,نحل المشكلة بأسرع وقت ممكن
منافسين,تجارب,نتميز بالجودة والدعم المستمر
منافسين,ليش اختاركم,نقدم قيمة حقيقية مو بس خدمة
دعم_فني,احتاج مساعدة,نضمن استقرار وأداء عالي لنظامك
اسعار,بيش,نوضح كل التكاليف بشفافية قبل البدء
منافسين,فرقكم,عدنا خبرة وتجارب ناجحة مع عملاء
دعم_فني,صيانة,نضمن استقرار وأداء عالي لنظامك
دعم_فني,احتاج مساعدة,فريق الدعم جاهز يساعدك بأي وقت
اسعار,شكد السعر,عدنا باقات مرنة تناسب ميزانيتك
دعم_فني,احتاج مساعدة,فريق الدعم جاهز يساعدك بأي وقت
اسعار,تقسيط,عدنا باقات مرنة تناسب ميزانيتك
دعم_فني,تحديث,نوفر دعم مستمر بعد التسليم
دعم_فني,احتاج مساعدة,فريق الدعم جاهز يساعدك بأي وقت
اسعار,تقسيط,نضمن لك أفضل قيمة مقابل السعر
دعم_فني,تعليق,نوفر دعم مستمر بعد التسليم
دعم_فني,مشكلة,نحل المشكلة بأسرع وقت ممكن
منافسين,اثق بيكم,نتميز بالجودة والدعم المستمر
دعم_فني,احتاج مساعدة,نحل المشكلة بأسرع وقت ممكن
اسعار,كم يكلف,عدنا باقات مرنة تناسب ميزانيتك
دعم_فني,احتاج مساعدة,نحل المشكلة بأسرع وقت ممكن
منافسين,ليش اختاركم,نتميز بالجودة والدعم المستمر
اسعار,رخيص,نضمن لك أفضل قيمة مقابل السعر
دعم_فني,صيانة,نوفر دعم مستمر بعد التسليم
دعم_فني,مشكلة,نضمن استقرار وأداء عالي لنظامك
اسعار,غالي,نحدد السعر حسب تفاصيل مشروعك ونقدم عرض مناسب
منافسين,افضل شركة,عدنا خبرة وتجارب ناجحة مع عملاء
منافسين,جودة,عدنا خبرة وتجارب ناجحة مع عملاء
دعم_فني,عندكم دعم,نضمن استقرار وأداء عالي لنظامك
منافسين,اثق بيكم,عدنا خبرة وتجارب ناجحة مع عملاء
دعم_فني,تعليق,نحل المشكلة بأسرع وقت ممكن
اسعار,اكو خصم,نوضح كل التكاليف بشفافية قبل البدء
دعم_فني,دعم سريع,نحل المشكلة بأسرع وقت ممكن
منافسين,جودة,عدنا خبرة وتجارب ناجحة مع عملاء
اسعار,شكد السعر,نوضح كل التكاليف بشفافية قبل البدء
دعم_فني,تعليق,نضمن استقرار وأداء عالي لنظامك
اسعار,كم يكلف,نحدد السعر حسب تفاصيل مشروعك ونقدم عرض مناسب
اسعار,اكو خصم,نحدد السعر حسب تفاصيل مشروعك ونقدم عرض مناسب
اسعار,بيش,نوضح كل التكاليف بشفافية قبل البدء
دعم_فني,بطء,نوفر دعم مستمر بعد التسليم
منافسين,جودة,هدفنا نكون شريكك التقني الموثوق
منافسين,تجارب,نقدم قيمة حقيقية مو بس خدمة
منافسين,تجارب,هدفنا نكون شريكك التقني الموثوق
دعم_فني,مشكلة,نحل المشكلة بأسرع وقت ممكن
اسعار,اكو خصم,نحدد السعر حسب تفاصيل مشروعك ونقدم عرض مناسب
منافسين,ليش اختاركم,نقدم قيمة حقيقية مو بس خدمة
اسعار,كم يكلف,عدنا باقات مرنة تناسب ميزانيتك
دعم_فني,ما يشتغل,فريق الدعم جاهز يساعدك بأي وقت
دعم_فني,بطء,نوفر دعم مستمر بعد التسليم
دعم_فني,مشكلة,نحل المشكلة بأسرع وقت ممكن
دعم_فني,احتاج مساعدة,نضمن استقرار وأداء عالي لنظامك
اسعار,بيش,عدنا باقات مرنة تناسب ميزانيتك
اسعار,بيش,عدنا باقات مرنة تناسب ميزانيتك
اسعار,تقسيط,نحدد السعر حسب تفاصيل مشروعك ونقدم عرض مناسب
منافسين,تجارب,عدنا خبرة وتجارب ناجحة مع عملاء
دعم_فني,دعم سريع,نوفر دعم مستمر بعد التسليم
منافسين,تجارب,نتميز بالجودة والدعم المستمر
دعم_فني,صيانة,نحل المشكلة بأسرع وقت ممكن
منافسين,مقارنة,هدفنا نكون شريكك التقني الموثوق
دعم_فني,ما يشتغل,فريق الدعم جاهز يساعدك بأي وقت
منافسين,اثق بيكم,نقدم قيمة حقيقية مو بس خدمة
دعم_فني,مشكلة,نحل المشكلة بأسرع وقت ممكن
اسعار,غالي,نوضح كل التكاليف بشفافية قبل البدء
منافسين,ليش اختاركم,هدفنا نكون شريكك التقني الموثوق
منافسين,جودة,نتميز بالجودة والدعم المستمر
اسعار,كم يكلف,نضمن لك أفضل قيمة مقابل السعر
دعم_فني,دعم سريع,نحل المشكلة بأسرع وقت ممكن
اسعار,رخيص,عدنا باقات مرنة تناسب ميزانيتك
اسعار,اريد عرض سعر,عدنا باقات مرنة تناسب ميزانيتك
منافسين,ليش اختاركم,نتميز بالجودة والدعم المستمر
منافسين,اثق بيكم,نقدم قيمة حقيقية مو بس خدمة
منافسين,تجارب,هدفنا نكون شريكك التقني الموثوق
اسعار,شكد السعر,نوضح كل التكاليف بشفافية قبل البدء
دعم_فني,تحديث,نضمن استقرار وأداء عالي لنظامك
اسعار,كم يكلف,نضمن لك أفضل قيمة مقابل السعر
منافسين,شنو ميزتكم,نقدم قيمة حقيقية مو بس خدمة
اسعار,تكلفة المشروع,نحدد السعر حسب تفاصيل مشروعك ونقدم عرض مناسب
اسعار,كم يكلف,عدنا باقات مرنة تناسب ميزانيتك
اسعار,بيش,نوضح كل التكاليف بشفافية قبل البدء
منافسين,ليش اختاركم,نتميز بالجودة والدعم المستمر
منافسين,افضل شركة,نتميز بالجودة والدعم المستمر
اسعار,تقسيط,نضمن لك أفضل قيمة مقابل السعر
اسعار,اكو خصم,عدنا باقات مرنة تناسب ميزانيتك
دعم_فني,تحديث,نحل المشكلة بأسرع وقت ممكن
دعم_فني,بطء,فريق الدعم جاهز يساعدك بأي وقت
اسعار,رخيص,نضمن لك أفضل قيمة مقابل السعر
دعم_فني,صيانة,نوفر دعم مستمر بعد التسليم
اسعار,رخيص,نحدد السعر حسب تفاصيل مشروعك ونقدم عرض مناسب
اسعار,رخيص,نحدد السعر حسب تفاصيل مشروعك ونقدم عرض مناسب
اسعار,بيش,نضمن لك أفضل قيمة مقابل السعر
اسعار,اكو خصم,نحدد السعر حسب تفاصيل مشروعك ونقدم عرض مناسب
اسعار,تكلفة المشروع,نوضح كل التكاليف بشفافية قبل البدء
دعم_فني,تعليق,نحل المشكلة بأسرع وقت ممكن
دعم_فني,عندكم دعم,نحل المشكلة بأسرع وقت ممكن
دعم_فني,تحديث,نحل المشكلة بأسرع وقت ممكن
منافسين,مقارنة,هدفنا نكون شريكك التقني الموثوق
دعم_فني,عندكم دعم,نوفر دعم مستمر بعد التسليم
اسعار,تكلفة المشروع,نحدد السعر حسب تفاصيل مشروعك ونقدم عرض مناسب
دعم_فني,ما يشتغل,نحل المشكلة بأسرع وقت ممكن
اسعار,شكد السعر,عدنا باقات مرنة تناسب ميزانيتك
اسعار,بيش,نحدد السعر حسب تفاصيل مشروعك ونقدم عرض مناسب
دعم_فني,عندكم دعم,نضمن استقرار وأداء عالي لنظامك
منافسين,جودة,عدنا خبرة وتجارب ناجحة مع عملاء
منافسين,غيركم ارخص,هدفنا نكون شريكك التقني الموثوق
اسعار,كم يكلف,نحدد السعر حسب تفاصيل مشروعك ونقدم عرض مناسب
اسعار,رخيص,نوضح كل التكاليف بشفافية قبل البدء
دعم_فني,احتاج مساعدة,فريق الدعم جاهز يساعدك بأي وقت
اسعار,تقسيط,نوضح كل التكاليف بشفافية قبل البدء
اسعار,شكد السعر,نضمن لك أفضل قيمة مقابل السعر
اسعار,اكو خصم,عدنا باقات مرنة تناسب ميزانيتك
منافسين,شنو ميزتكم,هدفنا نكون شريكك التقني الموثوق
منافسين,فرقكم,نتميز بالجودة والدعم المستمر
دعم_فني,بطء,فريق الدعم جاهز يساعدك بأي وقت
اسعار,تكلفة المشروع,نحدد السعر حسب تفاصيل مشروعك ونقدم عرض مناسب
اسعار,اكو خصم,نوضح كل التكاليف بشفافية قبل البدء
اسعار,شكد السعر,نحدد السعر حسب تفاصيل مشروعك ونقدم عرض مناسب
منافسين,غيركم ارخص,نتميز بالجودة والدعم المستمر
اسعار,بيش,نوضح كل التكاليف بشفافية قبل البدء
اسعار,تقسيط,نحدد السعر حسب تفاصيل مشروعك ونقدم عرض مناسب
دعم_فني,مشكلة,نوفر دعم مستمر بعد التسليم
منافسين,ليش اختاركم,عدنا خبرة وتجارب ناجحة مع عملاء
اسعار,رخيص,نوضح كل التكاليف بشفافية قبل البدء
دعم_فني,ما يشتغل,نوفر دعم مستمر بعد التسليم
دعم_فني,عندكم دعم,نحل المشكلة بأسرع وقت ممكن
اسعار,كم يكلف,نضمن لك أفضل قيمة مقابل السعر
منافسين,ليش اختاركم,نتميز بالجودة والدعم المستمر
منافسين,تجارب,هدفنا نكون شريكك التقني الموثوق
اسعار,اريد عرض سعر,نوضح كل التكاليف بشفافية قبل البدء
اسعار,بيش,نضمن لك أفضل قيمة مقابل السعر
منافسين,غيركم ارخص,عدنا خبرة وتجارب ناجحة مع عملاء
دعم_فني,عندكم دعم,فريق الدعم جاهز يساعدك بأي وقت
اسعار,كم يكلف,نحدد السعر حسب تفاصيل مشروعك ونقدم عرض مناسب
منافسين,غيركم ارخص,هدفنا نكون شريكك التقني الموثوق
منافسين,شنو ميزتكم,هدفنا نكون شريكك التقني الموثوق
دعم_فني,مشكلة,فريق الدعم جاهز يساعدك بأي وقت
دعم_فني,تحديث,نحل المشكلة بأسرع وقت ممكن
منافسين,مقارنة,عدنا خبرة وتجارب ناجحة مع عملاء
منافسين,افضل شركة,عدنا خبرة وتجارب ناجحة مع عملاء
منافسين,فرقكم,نقدم قيمة حقيقية مو بس خدمة
اسعار,كم يكلف,نوضح كل التكاليف بشفافية قبل البدء
دعم_فني,عندكم دعم,فريق الدعم جاهز يساعدك بأي وقت
اسعار,بيش,نضمن لك أفضل قيمة مقابل السعر
دعم_فني,ما يشتغل,فريق الدعم جاهز يساعدك بأي وقت
منافسين,شنو ميزتكم,نتميز بالجودة والدعم المستمر
دعم_فني,تحديث,نضمن استقرار وأداء عالي لنظامك
منافسين,شنو ميزتكم,عدنا خبرة وتجارب ناجحة مع عملاء
اسعار,تقسيط,نحدد السعر حسب تفاصيل مشروعك ونقدم عرض مناسب
دعم_فني,احتاج مساعدة,نضمن استقرار وأداء عالي لنظامك
منافسين,تجارب,عدنا خبرة وتجارب ناجحة مع عملاء
منافسين,غيركم ارخص,عدنا خبرة وتجارب ناجحة مع عملاء
منافسين,اثق بيكم,نتميز بالجودة والدعم المستمر
اسعار,تقسيط,عدنا باقات مرنة تناسب ميزانيتك
دعم_فني,عندكم دعم,فريق الدعم جاهز يساعدك بأي وقت
اسعار,رخيص,نضمن لك أفضل قيمة مقابل السعر
اسعار,اكو خصم,نوضح كل التكاليف بشفافية قبل البدء
دعم_فني,بطء,نحل المشكلة بأسرع وقت ممكن
دعم_فني,دعم سريع,نوفر دعم مستمر بعد التسليم
منافسين,ليش اختاركم,عدنا خبرة وتجارب ناجحة مع عملاء
دعم_فني,مشكلة,فريق الدعم جاهز يساعدك بأي وقت
منافسين,غيركم ارخص,نقدم قيمة حقيقية مو بس خدمة
دعم_فني,مشكلة,نحل المشكلة بأسرع وقت ممكن
دعم_فني,دعم سريع,نحل المشكلة بأسرع وقت ممكن
دعم_فني,احتاج مساعدة,نوفر دعم مستمر بعد التسليم
اسعار,رخيص,نوضح كل التكاليف بشفافية قبل البدء
اسعار,رخيص,نضمن لك أفضل قيمة مقابل السعر
دعم_فني,تعليق,نوفر دعم مستمر بعد التسليم
دعم_فني,ما يشتغل,نوفر دعم مستمر بعد التسليم
دعم_فني,تحديث,نحل المشكلة بأسرع وقت ممكن
دعم_فني,تحديث,فريق الدعم جاهز يساعدك بأي وقت
دعم_فني,تحديث,نضمن استقرار وأداء عالي لنظامك
اسعار,شكد السعر,نوضح كل التكاليف بشفافية قبل البدء
منافسين,غيركم ارخص,نقدم قيمة حقيقية مو بس خدمة
اسعار,كم يكلف,نوضح كل التكاليف بشفافية قبل البدء
دعم_فني,تعليق,نحل المشكلة بأسرع وقت ممكن
اسعار,غالي,نوضح كل التكاليف بشفافية قبل البدء
منافسين,اثق بيكم,عدنا خبرة وتجارب ناجحة مع عملاء
اسعار,تقسيط,نحدد السعر حسب تفاصيل مشروعك ونقدم عرض مناسب
اسعار,بيش,نحدد السعر حسب تفاصيل مشروعك ونقدم عرض مناسب
منافسين,افضل شركة,عدنا خبرة وتجارب ناجحة مع عملاء
منافسين,اثق بيكم,هدفنا نكون شريكك التقني الموثوق
اسعار,رخيص,عدنا باقات مرنة تناسب ميزانيتك
اسعار,اكو خصم,نحدد السعر حسب تفاصيل مشروعك ونقدم عرض مناسب
منافسين,مقارنة,هدفنا نكون شريكك التقني الموثوق
منافسين,ليش اختاركم,نقدم قيمة حقيقية مو بس خدمة
دعم_فني,عندكم دعم,نوفر دعم مستمر بعد التسليم
منافسين,اثق بيكم,نقدم قيمة حقيقية مو بس خدمة
منافسين,ليش اختاركم,عدنا خبرة وتجارب ناجحة مع عملاء
دعم_فني,بطء,نضمن استقرار وأداء عالي لنظامك
دعم_فني,احتاج مساعدة,نوفر دعم مستمر بعد التسليم
منافسين,شنو ميزتكم,نقدم قيمة حقيقية مو بس خدمة
اسعار,رخيص,نوضح كل التكاليف بشفافية قبل البدء
منافسين,اثق بيكم,عدنا خبرة وتجارب ناجحة مع عملاء
دعم_فني,بطء,نوفر دعم مستمر بعد التسليم
منافسين,شنو ميزتكم,عدنا خبرة وتجارب ناجحة مع عملاء
منافسين,ليش اختاركم,هدفنا نكون شريكك التقني الموثوق
دعم_فني,بطء,نضمن استقرار وأداء عالي لنظامك
دعم_فني,ما يشتغل,نضمن استقرار وأداء عالي لنظامك
منافسين,فرقكم,هدفنا نكون شريكك التقني الموثوق
منافسين,تجارب,نقدم قيمة حقيقية مو بس خدمة
اسعار,غالي,نوضح كل التكاليف بشفافية قبل البدء
دعم_فني,عندكم دعم,نضمن استقرار وأداء عالي لنظامك
دعم_فني,ما يشتغل,نحل المشكلة بأسرع وقت ممكن
اسعار,رخيص,نضمن لك أفضل قيمة مقابل السعر
اسعار,رخيص,عدنا باقات مرنة تناسب ميزانيتك
اسعار,تكلفة المشروع,عدنا باقات مرنة تناسب ميزانيتك
اسعار,شكد السعر,نحدد السعر حسب تفاصيل مشروعك ونقدم عرض مناسب
دعم_فني,عندكم دعم,نحل المشكلة بأسرع وقت ممكن
دعم_فني,ما يشتغل,فريق الدعم جاهز يساعدك بأي وقت
دعم_فني,تحديث,نضمن استقرار وأداء عالي لنظامك
منافسين,جودة,هدفنا نكون شريكك التقني الموثوق
دعم_فني,تعليق,فريق الدعم جاهز يساعدك بأي وقت
منافسين,ليش اختاركم,عدنا خبرة وتجارب ناجحة مع عملاء
منافسين,تجارب,هدفنا نكون شريكك التقني الموثوق
اسعار,غالي,نضمن لك أفضل قيمة مقابل السعر
دعم_فني,تعليق,نحل المشكلة بأسرع وقت ممكن
دعم_فني,تعليق,نوفر دعم مستمر بعد التسليم
اسعار,غالي,عدنا باقات مرنة تناسب ميزانيتك
منافسين,تجارب,عدنا خبرة وتجارب ناجحة مع عملاء
اسعار,اريد عرض سعر,عدنا باقات مرنة تناسب ميزانيتك
منافسين,تجارب,هدفنا نكون شريكك التقني الموثوق
دعم_فني,احتاج مساعدة,نضمن استقرار وأداء عالي لنظامك
اسعار,غالي,نوضح كل التكاليف بشفافية قبل البدء
منافسين,مقارنة,هدفنا نكون شريكك التقني الموثوق
دعم_فني,دعم سريع,نحل المشكلة بأسرع وقت ممكن
دعم_فني,صيانة,نحل المشكلة بأسرع وقت ممكن
دعم_فني,بطء,نوفر دعم مستمر بعد التسليم
دعم_فني,احتاج مساعدة,فريق الدعم جاهز يساعدك بأي وقت
اسعار,كم يكلف,نضمن لك أفضل قيمة مقابل السعر
دعم_فني,تعليق,نوفر دعم مستمر بعد التسليم
اسعار,بيش,نضمن لك أفضل قيمة مقابل السعر
اسعار,شكد السعر,نوضح كل التكاليف بشفافية قبل البدء
دعم_فني,تعليق,نوفر دعم مستمر بعد التسليم
اسعار,اكو خصم,عدنا باقات مرنة تناسب ميزانيتك
اسعار,تقسيط,نوضح كل التكاليف بشفافية قبل البدء
اسعار,تقسيط,نضمن لك أفضل قيمة مقابل السعر
اسعار,اريد عرض سعر,نضمن لك أفضل قيمة مقابل السعر
دعم_فني,دعم سريع,نضمن استقرار وأداء عالي لنظامك
منافسين,افضل شركة,هدفنا نكون شريكك التقني الموثوق
اسعار,غالي,نوضح كل التكاليف بشفافية قبل البدء
دعم_فني,ما يشتغل,نحل المشكلة بأسرع وقت ممكن
دعم_فني,مشكلة,نوفر دعم مستمر بعد التسليم
اسعار,كم يكلف,عدنا باقات مرنة تناسب ميزانيتك
دعم_فني,تحديث,فريق الدعم جاهز يساعدك بأي وقت
منافسين,شنو ميزتكم,عدنا خبرة وتجارب ناجحة مع عملاء
دعم_فني,احتاج مساعدة,فريق الدعم جاهز يساعدك بأي وقت
دعم_فني,بطء,نحل المشكلة بأسرع وقت ممكن
منافسين,شنو ميزتكم,نتميز بالجودة والدعم المستمر
منافسين,افضل شركة,نقدم قيمة حقيقية مو بس خدمة
اسعار,بيش,نحدد السعر حسب تفاصيل مشروعك ونقدم عرض مناسب
منافسين,اثق بيكم,هدفنا نكون شريكك التقني الموثوق
اسعار,شكد السعر,عدنا باقات مرنة تناسب ميزانيتك
دعم_فني,دعم سريع,فريق الدعم جاهز يساعدك بأي وقت
دعم_فني,تحديث,نحل المشكلة بأسرع وقت ممكن
اسعار,غالي,عدنا باقات مرنة تناسب ميزانيتك
اسعار,تقسيط,نحدد السعر حسب تفاصيل مشروعك ونقدم عرض مناسب
اسعار,اكو خصم,نوضح كل التكاليف بشفافية قبل البدء
اسعار,اكو خصم,عدنا باقات مرنة تناسب ميزانيتك
منافسين,اثق بيكم,عدنا خبرة وتجارب ناجحة مع عملاء
دعم_فني,تعليق,نضمن استقرار وأداء عالي لنظامك
دعم_فني,مشكلة,نوفر دعم مستمر بعد التسليم
دعم_فني,بطء,نضمن استقرار وأداء عالي لنظامك
دعم_فني,تعليق,نوفر دعم مستمر بعد التسليم
منافسين,مقارنة,عدنا خبرة وتجارب ناجحة مع عملاء
دعم_فني,تحديث,فريق الدعم جاهز يساعدك بأي وقت
منافسين,غيركم ارخص,نتميز بالجودة والدعم المستمر
دعم_فني,عندكم دعم,نحل المشكلة بأسرع وقت ممكن
اسعار,غالي,نحدد السعر حسب تفاصيل مشروعك ونقدم عرض مناسب
اسعار,كم يكلف,نضمن لك أفضل قيمة مقابل السعر
دعم_فني,تحديث,نوفر دعم مستمر بعد التسليم
دعم_فني,احتاج مساعدة,نوفر دعم مستمر بعد التسليم
منافسين,مقارنة,هدفنا نكون شريكك التقني الموثوق
اسعار,اكو خصم,نحدد السعر حسب تفاصيل مشروعك ونقدم عرض مناسب
دعم_فني,تعليق,نوفر دعم مستمر بعد التسليم
دعم_فني,احتاج مساعدة,نحل المشكلة بأسرع وقت ممكن
دعم_فني,مشكلة,فريق الدعم جاهز يساعدك بأي وقت
منافسين,مقارنة,عدنا خبرة وتجارب ناجحة مع عملاء
اسعار,كم يكلف,نضمن لك أفضل قيمة مقابل السعر
منافسين,غيركم ارخص,نتميز بالجودة والدعم المستمر
منافسين,غيركم ارخص,عدنا خبرة وتجارب ناجحة مع عملاء
اسعار,كم يكلف,نحدد السعر حسب تفاصيل مشروعك ونقدم عرض مناسب
دعم_فني,عندكم دعم,نحل المشكلة بأسرع وقت ممكن
اسعار,تقسيط,نضمن لك أفضل قيمة مقابل السعر
اسعار,شكد السعر,عدنا باقات مرنة تناسب ميزانيتك
منافسين,تجارب,نتميز بالجودة والدعم المستمر
منافسين,تجارب,نقدم قيمة حقيقية مو بس خدمة
اسعار,شكد السعر,نوضح كل التكاليف بشفافية قبل البدء
منافسين,ليش اختاركم,نتميز بالجودة والدعم المستمر
اسعار,اكو خصم,عدنا باقات مرنة تناسب ميزانيتك
دعم_فني,ما يشتغل,فريق الدعم جاهز يساعدك بأي وقت
اسعار,تكلفة المشروع,عدنا باقات مرنة تناسب ميزانيتك
منافسين,ليش اختاركم,نتميز بالجودة والدعم المستمر
دعم_فني,تعليق,نوفر دعم مستمر بعد التسليم
دعم_فني,دعم سريع,نحل المشكلة بأسرع وقت ممكن
اسعار,بيش,عدنا باقات مرنة تناسب ميزانيتك
اسعار,تقسيط,نضمن لك أفضل قيمة مقابل السعر
منافسين,اثق بيكم,نقدم قيمة حقيقية مو بس خدمة
منافسين,مقارنة,عدنا خبرة وتجارب ناجحة مع عملاء
اسعار,كم يكلف,نحدد السعر حسب تفاصيل مشروعك ونقدم عرض مناسب
منافسين,ليش اختاركم,نقدم قيمة حقيقية مو بس خدمة
دعم_فني,تعليق,نحل المشكلة بأسرع وقت ممكن
منافسين,افضل شركة,نتميز بالجودة والدعم المستمر
دعم_فني,تحديث,نضمن استقرار وأداء عالي لنظامك
دعم_فني,بطء,فريق الدعم جاهز يساعدك بأي وقت
اسعار,شكد السعر,نضمن لك أفضل قيمة مقابل السعر
دعم_فني,دعم سريع,نوفر دعم مستمر بعد التسليم
منافسين,شنو ميزتكم,نقدم قيمة حقيقية مو بس خدمة
اسعار,كم يكلف,نحدد السعر حسب تفاصيل مشروعك ونقدم عرض مناسب
اسعار,تقسيط,نوضح كل التكاليف بشفافية قبل البدء
دعم_فني,تحديث,نضمن استقرار وأداء عالي لنظامك
اسعار,بيش,نوضح كل التكاليف بشفافية قبل البدء
اسعار,غالي,نحدد السعر حسب تفاصيل مشروعك ونقدم عرض مناسب
منافسين,شنو ميزتكم,عدنا خبرة وتجارب ناجحة مع عملاء
دعم_فني,تعليق,نحل المشكلة بأسرع وقت ممكن
اسعار,تقسيط,نضمن لك أفضل قيمة مقابل السعر
دعم_فني,ما يشتغل,نوفر دعم مستمر بعد التسليم
منافسين,مقارنة,هدفنا نكون شريكك التقني الموثوق
دعم_فني,احتاج مساعدة,نوفر دعم مستمر بعد التسليم
اسعار,اريد عرض سعر,عدنا باقات مرنة تناسب ميزانيتك
منافسين,ليش اختاركم,عدنا خبرة وتجارب ناجحة مع عملاء
دعم_فني,مشكلة,نضمن استقرار وأداء عالي لنظامك
اسعار,رخيص,نضمن لك أفضل قيمة مقابل السعر
منافسين,جودة,هدفنا نكون شريكك التقني الموثوق
اسعار,شكد السعر,عدنا باقات مرنة تناسب ميزانيتك
دعم_فني,تحديث,نحل المشكلة بأسرع وقت ممكن
دعم_فني,ما يشتغل,نحل المشكلة بأسرع وقت ممكن
منافسين,فرقكم,عدنا خبرة وتجارب ناجحة مع عملاء
دعم_فني,تعليق,نوفر دعم مستمر بعد التسليم
دعم_فني,ما يشتغل,فريق الدعم جاهز يساعدك بأي وقت
منافسين,شنو ميزتكم,هدفنا نكون شريكك التقني الموثوق
دعم_فني,بطء,نضمن استقرار وأداء عالي لنظامك
دعم_فني,تعليق,فريق الدعم جاهز يساعدك بأي وقت
دعم_فني,صيانة,نضمن استقرار وأداء عالي لنظامك
منافسين,تجارب,نتميز بالجودة والدعم المستمر
اسعار,اريد عرض سعر,نوضح كل التكاليف بشفافية قبل البدء
اسعار,رخيص,عدنا باقات مرنة تناسب ميزانيتك
منافسين,افضل شركة,نتميز بالجودة والدعم المستمر
دعم_فني,ما يشتغل,نوفر دعم مستمر بعد التسليم
دعم_فني,ما يشتغل,نضمن استقرار وأداء عالي لنظامك
اسعار,تكلفة المشروع,نحدد السعر حسب تفاصيل مشروعك ونقدم عرض مناسب
دعم_فني,ما يشتغل,نحل المشكلة بأسرع وقت ممكن
اسعار,تقسيط,نحدد السعر حسب تفاصيل مشروعك ونقدم عرض مناسب
اسعار,تكلفة المشروع,نحدد السعر حسب تفاصيل مشروعك ونقدم عرض مناسب
دعم_فني,مشكلة,نحل المشكلة بأسرع وقت ممكن
اسعار,رخيص,نحدد السعر حسب تفاصيل مشروعك ونقدم عرض مناسب
دعم_فني,بطء,فريق الدعم جاهز يساعدك بأي وقت
دعم_فني,تحديث,نحل المشكلة بأسرع وقت ممكن
منافسين,جودة,عدنا خبرة وتجارب ناجحة مع عملاء
اسعار,بيش,عدنا باقات مرنة تناسب ميزانيتك
منافسين,ليش اختاركم,هدفنا نكون شريكك التقني الموثوق
دعم_فني,بطء,نضمن استقرار وأداء عالي لنظامك
اسعار,رخيص,نوضح كل التكاليف بشفافية قبل البدء
منافسين,ليش اختاركم,نقدم قيمة حقيقية مو بس خدمة
دعم_فني,مشكلة,نحل المشكلة بأسرع وقت ممكن
دعم_فني,تحديث,نضمن استقرار وأداء عالي لنظامك
اسعار,اريد عرض سعر,نضمن لك أفضل قيمة مقابل السعر
اسعار,بيش,نضمن لك أفضل قيمة مقابل السعر
منافسين,افضل شركة,نتميز بالجودة والدعم المستمر
اسعار,غالي,نوضح كل التكاليف بشفافية قبل البدء
اسعار,تكلفة المشروع,نحدد السعر حسب تفاصيل مشروعك ونقدم عرض مناسب
منافسين,جودة,عدنا خبرة وتجارب ناجحة مع عملاء
منافسين,شنو ميزتكم,نتميز بالجودة والدعم المستمر
منافسين,غيركم ارخص,عدنا خبرة وتجارب ناجحة مع عملاء
دعم_فني,ما يشتغل,نحل المشكلة بأسرع وقت ممكن
دعم_فني,تعليق,نحل المشكلة بأسرع وقت ممكن
منافسين,اثق بيكم,عدنا خبرة وتجارب ناجحة مع عملاء
منافسين,غيركم ارخص,هدفنا نكون شريكك التقني الموثوق
دعم_فني,احتاج مساعدة,نحل المشكلة بأسرع وقت ممكن
اسعار,رخيص,نحدد السعر حسب تفاصيل مشروعك ونقدم عرض مناسب
دعم_فني,تعليق,نحل المشكلة بأسرع وقت ممكن
دعم_فني,بطء,نضمن استقرار وأداء عالي لنظامك
اسعار,تكلفة المشروع,نضمن لك أفضل قيمة مقابل السعر
اسعار,بيش,عدنا باقات مرنة تناسب ميزانيتك
منافسين,تجارب,عدنا خبرة وتجارب ناجحة مع عملاء
اسعار,كم يكلف,عدنا باقات مرنة تناسب ميزانيتك
منافسين,افضل شركة,عدنا خبرة وتجارب ناجحة مع عملاء
اسعار,اريد عرض سعر,نحدد السعر حسب تفاصيل مشروعك ونقدم عرض مناسب
دعم_فني,تحديث,نحل المشكلة بأسرع وقت ممكن
دعم_فني,تعليق,نضمن استقرار وأداء عالي لنظامك
دعم_فني,احتاج مساعدة,فريق الدعم جاهز يساعدك بأي وقت
اسعار,بيش,نضمن لك أفضل قيمة مقابل السعر
دعم_فني,صيانة,نحل المشكلة بأسرع وقت ممكن
دعم_فني,عندكم دعم,فريق الدعم جاهز يساعدك بأي وقت
منافسين,جودة,هدفنا نكون شريكك التقني الموثوق
دعم_فني,تعليق,نضمن استقرار وأداء عالي لنظامك
منافسين,شنو ميزتكم,عدنا خبرة وتجارب ناجحة مع عملاء
اسعار,رخيص,نوضح كل التكاليف بشفافية قبل البدء
اسعار,تقسيط,نضمن لك أفضل قيمة مقابل السعر
دعم_فني,تعليق,نحل المشكلة بأسرع وقت ممكن
دعم_فني,مشكلة,نوفر دعم مستمر بعد التسليم
اسعار,غالي,عدنا باقات مرنة تناسب ميزانيتك
منافسين,فرقكم,عدنا خبرة وتجارب ناجحة مع عملاء
منافسين,فرقكم,نتميز بالجودة والدعم المستمر
منافسين,مقارنة,عدنا خبرة وتجارب ناجحة مع عملاء
دعم_فني,صيانة,نوفر دعم مستمر بعد التسليم
دعم_فني,ما يشتغل,نضمن استقرار وأداء عالي لنظامك
اسعار,شكد السعر,نضمن لك أفضل قيمة مقابل السعر
منافسين,تجارب,نتميز بالجودة والدعم المستمر
اسعار,اريد عرض سعر,نحدد السعر حسب تفاصيل مشروعك ونقدم عرض مناسب
منافسين,فرقكم,عدنا خبرة وتجارب ناجحة مع عملاء
اسعار,غالي,عدنا باقات مرنة تناسب ميزانيتك
منافسين,جودة,نقدم قيمة حقيقية مو بس خدمة
دعم_فني,احتاج مساعدة,نحل المشكلة بأسرع وقت ممكن
دعم_فني,صيانة,نضمن استقرار وأداء عالي لنظامك
دعم_فني,عندكم دعم,نحل المشكلة بأسرع وقت ممكن
منافسين,فرقكم,هدفنا نكون شريكك التقني الموثوق
اسعار,رخيص,نحدد السعر حسب تفاصيل مشروعك ونقدم عرض مناسب
اسعار,غالي,نحدد السعر حسب تفاصيل مشروعك ونقدم عرض مناسب
دعم_فني,دعم سريع,فريق الدعم جاهز يساعدك بأي وقت
دعم_فني,تعليق,فريق الدعم جاهز يساعدك بأي وقت
اسعار,تكلفة المشروع,نحدد السعر حسب تفاصيل مشروعك ونقدم عرض مناسب
منافسين,اثق بيكم,نقدم قيمة حقيقية مو بس خدمة
دعم_فني,مشكلة,نضمن استقرار وأداء عالي لنظامك
دعم_فني,بطء,نحل المشكلة بأسرع وقت ممكن
اسعار,رخيص,نوضح كل التكاليف بشفافية قبل البدء
منافسين,ليش اختاركم,نتميز بالجودة والدعم المستمر
دعم_فني,دعم سريع,فريق الدعم جاهز يساعدك بأي وقت
منافسين,ليش اختاركم,نقدم قيمة حقيقية مو بس خدمة
دعم_فني,ما يشتغل,نحل المشكلة بأسرع وقت ممكن
اسعار,رخيص,عدنا باقات مرنة تناسب ميزانيتك
منافسين,تجارب,عدنا خبرة وتجارب ناجحة مع عملاء
منافسين,شنو ميزتكم,نقدم قيمة حقيقية مو بس خدمة
دعم_فني,مشكلة,نوفر دعم مستمر بعد التسليم
دعم_فني,احتاج مساعدة,فريق الدعم جاهز يساعدك بأي وقت
دعم_فني,تعليق,نحل المشكلة بأسرع وقت ممكن
دعم_فني,بطء,نوفر دعم مستمر بعد التسليم
منافسين,شنو ميزتكم,نتميز بالجودة والدعم المستمر
منافسين,افضل شركة,نتميز بالجودة والدعم المستمر
دعم_فني,تحديث,فريق الدعم جاهز يساعدك بأي وقت
اسعار,تكلفة المشروع,نضمن لك أفضل قيمة مقابل السعر
اسعار,اريد عرض سعر,نوضح كل التكاليف بشفافية قبل البدء
منافسين,افضل شركة,هدفنا نكون شريكك التقني الموثوق
اسعار,اكو خصم,عدنا باقات مرنة تناسب ميزانيتك
منافسين,جودة,عدنا خبرة وتجارب ناجحة مع عملاء
دعم_فني,تعليق,نضمن استقرار وأداء عالي لنظامك
منافسين,جودة,عدنا خبرة وتجارب ناجحة مع عملاء
دعم_فني,دعم سريع,نضمن استقرار وأداء عالي لنظامك
منافسين,اثق بيكم,نقدم قيمة حقيقية مو بس خدمة
منافسين,ليش اختاركم,نقدم قيمة حقيقية مو بس خدمة
دعم_فني,ما يشتغل,نحل المشكلة بأسرع وقت ممكن
دعم_فني,مشكلة,نوفر دعم مستمر بعد التسليم
اسعار,رخيص,نضمن لك أفضل قيمة مقابل السعر
اسعار,اكو خصم,عدنا باقات مرنة تناسب ميزانيتك
اسعار,كم يكلف,عدنا باقات مرنة تناسب ميزانيتك
اسعار,اكو خصم,نحدد السعر حسب تفاصيل مشروعك ونقدم عرض مناسب
دعم_فني,بطء,نوفر دعم مستمر بعد التسليم
دعم_فني,صيانة,نضمن استقرار وأداء عالي لنظامك
دعم_فني,تعليق,نوفر دعم مستمر بعد التسليم
دعم_فني,تعليق,نوفر دعم مستمر بعد التسليم
اسعار,تكلفة المشروع,نوضح كل التكاليف بشفافية قبل البدء
اسعار,اريد عرض سعر,نحدد السعر حسب تفاصيل مشروعك ونقدم عرض مناسب
منافسين,ليش اختاركم,عدنا خبرة وتجارب ناجحة مع عملاء
منافسين,افضل شركة,هدفنا نكون شريكك التقني الموثوق
منافسين,ليش اختاركم,عدنا خبرة وتجارب ناجحة مع عملاء
منافسين,شنو ميزتكم,هدفنا نكون شريكك التقني الموثوق
اسعار,اريد عرض سعر,نضمن لك أفضل قيمة مقابل السعر
اسعار,كم يكلف,نضمن لك أفضل قيمة مقابل السعر
منافسين,فرقكم,نقدم قيمة حقيقية مو بس خدمة
اسعار,شكد السعر,نحدد السعر حسب تفاصيل مشروعك ونقدم عرض مناسب
دعم_فني,تحديث,نوفر دعم مستمر بعد التسليم
منافسين,غيركم ارخص,نتميز بالجودة والدعم المستمر
منافسين,جودة,هدفنا نكون شريكك التقني الموثوق
منافسين,شنو ميزتكم,نقدم قيمة حقيقية مو بس خدمة
منافسين,فرقكم,عدنا خبرة وتجارب ناجحة مع عملاء
دعم_فني,عندكم دعم,فريق الدعم جاهز يساعدك بأي وقت
منافسين,مقارنة,عدنا خبرة وتجارب ناجحة مع عملاء
اسعار,بيش,نوضح كل التكاليف بشفافية قبل البدء
منافسين,غيركم ارخص,عدنا خبرة وتجارب ناجحة مع عملاء
دعم_فني,بطء,نضمن استقرار وأداء عالي لنظامك
اسعار,غالي,عدنا باقات مرنة تناسب ميزانيتك
دعم_فني,صيانة,نضمن استقرار وأداء عالي لنظامك
اسعار,اريد عرض سعر,نضمن لك أفضل قيمة مقابل السعر
دعم_فني,صيانة,فريق الدعم جاهز يساعدك بأي وقت
منافسين,اثق بيكم,نقدم قيمة حقيقية مو بس خدمة
اسعار,غالي,نضمن لك أفضل قيمة مقابل السعر
دعم_فني,احتاج مساعدة,نضمن استقرار وأداء عالي لنظامك
منافسين,اثق بيكم,نقدم قيمة حقيقية مو بس خدمة
اسعار,اريد عرض سعر,نحدد السعر حسب تفاصيل مشروعك ونقدم عرض مناسب
دعم_فني,ما يشتغل,نحل المشكلة بأسرع وقت ممكن
دعم_فني,ما يشتغل,نضمن استقرار وأداء عالي لنظامك
دعم_فني,صيانة,نضمن استقرار وأداء عالي لنظامك
دعم_فني,احتاج مساعدة,نحل المشكلة بأسرع وقت ممكن
اسعار,اكو خصم,نضمن لك أفضل قيمة مقابل السعر
اسعار,تكلفة المشروع,نحدد السعر حسب تفاصيل مشروعك ونقدم عرض مناسب
منافسين,غيركم ارخص,هدفنا نكون شريكك التقني الموثوق
منافسين,افضل شركة,عدنا خبرة وتجارب ناجحة مع عملاء
منافسين,شنو ميزتكم,عدنا خبرة وتجارب ناجحة مع عملاء
دعم_فني,تعليق,فريق الدعم جاهز يساعدك بأي وقت
دعم_فني,بطء,فريق الدعم جاهز يساعدك بأي وقت
اسعار,تكلفة المشروع,نضمن لك أفضل قيمة مقابل السعر
دعم_فني,تعليق,نوفر دعم مستمر بعد التسليم
دعم_فني,صيانة,نضمن استقرار وأداء عالي لنظامك
اسعار,بيش,عدنا باقات مرنة تناسب ميزانيتك
دعم_فني,صيانة,نحل المشكلة بأسرع وقت ممكن
دعم_فني,دعم سريع,فريق الدعم جاهز يساعدك بأي وقت
دعم_فني,تعليق,فريق الدعم جاهز يساعدك بأي وقت
اسعار,اريد عرض سعر,عدنا باقات مرنة تناسب ميزانيتك
دعم_فني,عندكم دعم,نضمن استقرار وأداء عالي لنظامك
دعم_فني,صيانة,نحل المشكلة بأسرع وقت ممكن
منافسين,جودة,نتميز بالجودة والدعم المستمر
منافسين,اثق بيكم,هدفنا نكون شريكك التقني الموثوق
دعم_فني,ما يشتغل,فريق الدعم جاهز يساعدك بأي وقت
دعم_فني,احتاج مساعدة,نضمن استقرار وأداء عالي لنظامك
دعم_فني,ما يشتغل,نحل المشكلة بأسرع وقت ممكن
دعم_فني,تحديث,نحل المشكلة بأسرع وقت ممكن
منافسين,افضل شركة,نتميز بالجودة والدعم المستمر
منافسين,ليش اختاركم,نتميز بالجودة والدعم المستمر
اسعار,اريد عرض سعر,عدنا باقات مرنة تناسب ميزانيتك
منافسين,فرقكم,هدفنا نكون شريكك التقني الموثوق
دعم_فني,تحديث,نحل المشكلة بأسرع وقت ممكن
منافسين,مقارنة,نقدم قيمة حقيقية مو بس خدمة
اسعار,غالي,عدنا باقات مرنة تناسب ميزانيتك
منافسين,شنو ميزتكم,عدنا خبرة وتجارب ناجحة مع عملاء
اسعار,كم يكلف,نحدد السعر حسب تفاصيل مشروعك ونقدم عرض مناسب
دعم_فني,دعم سريع,نضمن استقرار وأداء عالي لنظامك
دعم_فني,ما يشتغل,نحل المشكلة بأسرع وقت ممكن
دعم_فني,ما يشتغل,فريق الدعم جاهز يساعدك بأي وقت
منافسين,ليش اختاركم,هدفنا نكون شريكك التقني الموثوق
منافسين,فرقكم,عدنا خبرة وتجارب ناجحة مع عملاء
منافسين,اثق بيكم,عدنا خبرة وتجارب ناجحة مع عملاء
اسعار,اريد عرض سعر,نضمن لك أفضل قيمة مقابل السعر
منافسين,مقارنة,نقدم قيمة حقيقية مو بس خدمة
منافسين,جودة,عدنا خبرة وتجارب ناجحة مع عملاء
اسعار,اريد عرض سعر,نوضح كل التكاليف بشفافية قبل البدء
دعم_فني,مشكلة,فريق الدعم جاهز يساعدك بأي وقت
منافسين,غيركم ارخص,عدنا خبرة وتجارب ناجحة مع عملاء
منافسين,افضل شركة,نتميز بالجودة والدعم المستمر
منافسين,اثق بيكم,هدفنا نكون شريكك التقني الموثوق
دعم_فني,تعليق,نضمن استقرار وأداء عالي لنظامك
منافسين,مقارنة,هدفنا نكون شريكك التقني الموثوق
دعم_فني,ما يشتغل,فريق الدعم جاهز يساعدك بأي وقت
دعم_فني,صيانة,فريق الدعم جاهز يساعدك بأي وقت
دعم_فني,مشكلة,فريق الدعم جاهز يساعدك بأي وقت
اسعار,غالي,نحدد السعر حسب تفاصيل مشروعك ونقدم عرض مناسب
اسعار,تقسيط,نوضح كل التكاليف بشفافية قبل البدء
دعم_فني,بطء,نوفر دعم مستمر بعد التسليم
اسعار,كم يكلف,نحدد السعر حسب تفاصيل مشروعك ونقدم عرض مناسب
اسعار,غالي,نوضح كل التكاليف بشفافية قبل البدء
منافسين,غيركم ارخص,نتميز بالجودة والدعم المستمر
دعم_فني,تعليق,نوفر دعم مستمر بعد التسليم
منافسين,جودة,عدنا خبرة وتجارب ناجحة مع عملاء
منافسين,غيركم ارخص,نتميز بالجودة والدعم المستمر
منافسين,مقارنة,عدنا خبرة وتجارب ناجحة مع عملاء
منافسين,غيركم ارخص,نقدم قيمة حقيقية مو بس خدمة
دعم_فني,تحديث,نوفر دعم مستمر بعد التسليم
منافسين,جودة,عدنا خبرة وتجارب ناجحة مع عملاء
منافسين,افضل شركة,هدفنا نكون شريكك التقني الموثوق
منافسين,جودة,هدفنا نكون شريكك التقني الموثوق
اسعار,تقسيط,عدنا باقات مرنة تناسب ميزانيتك
منافسين,اثق بيكم,عدنا خبرة وتجارب ناجحة مع عملاء
اسعار,اكو خصم,نحدد السعر حسب تفاصيل مشروعك ونقدم عرض مناسب
منافسين,مقارنة,نقدم قيمة حقيقية مو بس خدمة
دعم_فني,صيانة,فريق الدعم جاهز يساعدك بأي وقت
اسعار,بيش,نحدد السعر حسب تفاصيل مشروعك ونقدم عرض مناسب
دعم_فني,عندكم دعم,فريق الدعم جاهز يساعدك بأي وقت
منافسين,جودة,عدنا خبرة وتجارب ناجحة مع عملاء
منافسين,افضل شركة,هدفنا نكون شريكك التقني الموثوق
دعم_فني,بطء,نضمن استقرار وأداء عالي لنظامك
اسعار,اريد عرض سعر,نضمن لك أفضل قيمة مقابل السعر
اسعار,رخيص,عدنا باقات مرنة تناسب ميزانيتك
اسعار,اكو خصم,نضمن لك أفضل قيمة مقابل السعر
دعم_فني,ما يشتغل,فريق الدعم جاهز يساعدك بأي وقت
دعم_فني,تعليق,نوفر دعم مستمر بعد التسليم
اسعار,كم يكلف,نحدد السعر حسب تفاصيل مشروعك ونقدم عرض مناسب
اسعار,غالي,نحدد السعر حسب تفاصيل مشروعك ونقدم عرض مناسب
اسعار,تقسيط,نضمن لك أفضل قيمة مقابل السعر
منافسين,افضل شركة,نتميز بالجودة والدعم المستمر
منافسين,شنو ميزتكم,نقدم قيمة حقيقية مو بس خدمة
منافسين,ليش اختاركم,نقدم قيمة حقيقية مو بس خدمة
دعم_فني,تعليق,نوفر دعم مستمر بعد التسليم
دعم_فني,بطء,نوفر دعم مستمر بعد التسليم
دعم_فني,ما يشتغل,نحل المشكلة بأسرع وقت ممكن
دعم_فني,بطء,نوفر دعم مستمر بعد التسليم
منافسين,غيركم ارخص,هدفنا نكون شريكك التقني الموثوق
منافسين,شنو ميزتكم,هدفنا نكون شريكك التقني الموثوق
اسعار,رخيص,عدنا باقات مرنة تناسب ميزانيتك
اسعار,اريد عرض سعر,نضمن لك أفضل قيمة مقابل السعر
دعم_فني,تحديث,نوفر دعم مستمر بعد التسليم
دعم_فني,مشكلة,نحل المشكلة بأسرع وقت ممكن
دعم_فني,تعليق,نحل المشكلة بأسرع وقت ممكن
دعم_فني,ما يشتغل,نضمن استقرار وأداء عالي لنظامك
منافسين,اثق بيكم,نقدم قيمة حقيقية مو بس خدمة
دعم_فني,تعليق,نضمن استقرار وأداء عالي لنظامك
منافسين,ليش اختاركم,نقدم قيمة حقيقية مو بس خدمة
اسعار,تكلفة المشروع,نحدد السعر حسب تفاصيل مشروعك ونقدم عرض مناسب
دعم_فني,تحديث,فريق الدعم جاهز يساعدك بأي وقت
دعم_فني,تحديث,نحل المشكلة بأسرع وقت ممكن
اسعار,تكلفة المشروع,نضمن لك أفضل قيمة مقابل السعر
دعم_فني,ما يشتغل,نوفر دعم مستمر بعد التسليم
دعم_فني,بطء,نحل المشكلة بأسرع وقت ممكن
منافسين,تجارب,هدفنا نكون شريكك التقني الموثوق
منافسين,افضل شركة,نقدم قيمة حقيقية مو بس خدمة
منافسين,افضل شركة,نتميز بالجودة والدعم المستمر
دعم_فني,مشكلة,نوفر دعم مستمر بعد التسليم
دعم_فني,ما يشتغل,نوفر دعم مستمر بعد التسليم
اسعار,كم يكلف,عدنا باقات مرنة تناسب ميزانيتك
منافسين,جودة,هدفنا نكون شريكك التقني الموثوق
دعم_فني,مشكلة,فريق الدعم جاهز يساعدك بأي وقت
دعم_فني,تعليق,نوفر دعم مستمر بعد التسليم
اسعار,تقسيط,نحدد السعر حسب تفاصيل مشروعك ونقدم عرض مناسب
منافسين,اثق بيكم,نقدم قيمة حقيقية مو بس خدمة
اسعار,اريد عرض سعر,نحدد السعر حسب تفاصيل مشروعك ونقدم عرض مناسب
منافسين,شنو ميزتكم,عدنا خبرة وتجارب ناجحة مع عملاء
منافسين,افضل شركة,عدنا خبرة وتجارب ناجحة مع عملاء
دعم_فني,صيانة,فريق الدعم جاهز يساعدك بأي وقت
اسعار,تقسيط,نوضح كل التكاليف بشفافية قبل البدء
اسعار,رخيص,نوضح كل التكاليف بشفافية قبل البدء
اسعار,غالي,نوضح كل التكاليف بشفافية قبل البدء
منافسين,شنو ميزتكم,هدفنا نكون شريكك التقني الموثوق
اسعار,تقسيط,نوضح كل التكاليف بشفافية قبل البدء
منافسين,اثق بيكم,هدفنا نكون شريكك التقني الموثوق
اسعار,كم يكلف,نحدد السعر حسب تفاصيل مشروعك ونقدم عرض مناسب
دعم_فني,تحديث,نوفر دعم مستمر بعد التسليم
دعم_فني,صيانة,نوفر دعم مستمر بعد التسليم
اسعار,كم يكلف,نحدد السعر حسب تفاصيل مشروعك ونقدم عرض مناسب
منافسين,غيركم ارخص,عدنا خبرة وتجارب ناجحة مع عملاء
اسعار,شكد السعر,نضمن لك أفضل قيمة مقابل السعر
اسعار,بيش,نحدد السعر حسب تفاصيل مشروعك ونقدم عرض مناسب
اسعار,تقسيط,عدنا باقات مرنة تناسب ميزانيتك
دعم_فني,ما يشتغل,نحل المشكلة بأسرع وقت ممكن
اسعار,كم يكلف,عدنا باقات مرنة تناسب ميزانيتك
اسعار,اكو خصم,نوضح كل التكاليف بشفافية قبل البدء
اسعار,تقسيط,نوضح كل التكاليف بشفافية قبل البدء
دعم_فني,عندكم دعم,نضمن استقرار وأداء عالي لنظامك
اسعار,غالي,نوضح كل التكاليف بشفافية قبل البدء
دعم_فني,صيانة,نضمن استقرار وأداء عالي لنظامك
اسعار,كم يكلف,نضمن لك أفضل قيمة مقابل السعر
اسعار,رخيص,نوضح كل التكاليف بشفافية قبل البدء
منافسين,ليش اختاركم,هدفنا نكون شريكك التقني الموثوق
دعم_فني,ما يشتغل,نحل المشكلة بأسرع وقت ممكن
منافسين,ليش اختاركم,نتميز بالجودة والدعم المستمر
منافسين,افضل شركة,نتميز بالجودة والدعم المستمر
منافسين,تجارب,عدنا خبرة وتجارب ناجحة مع عملاء
دعم_فني,ما يشتغل,نضمن استقرار وأداء عالي لنظامك
دعم_فني,احتاج مساعدة,نوفر دعم مستمر بعد التسليم
منافسين,مقارنة,نقدم قيمة حقيقية مو بس خدمة
اسعار,شكد السعر,عدنا باقات مرنة تناسب ميزانيتك
منافسين,شنو ميزتكم,هدفنا نكون شريكك التقني الموثوق
دعم_فني,عندكم دعم,نضمن استقرار وأداء عالي لنظامك
اسعار,تقسيط,نضمن لك أفضل قيمة مقابل السعر
دعم_فني,صيانة,نحل المشكلة بأسرع وقت ممكن
منافسين,جودة,عدنا خبرة وتجارب ناجحة مع عملاء
اسعار,اريد عرض سعر,نحدد السعر حسب تفاصيل مشروعك ونقدم عرض مناسب
اسعار,شكد السعر,عدنا باقات مرنة تناسب ميزانيتك
اسعار,اريد عرض سعر,نحدد السعر حسب تفاصيل مشروعك ونقدم عرض مناسب
اسعار,اريد عرض سعر,نضمن لك أفضل قيمة مقابل السعر
دعم_فني,صيانة,نضمن استقرار وأداء عالي لنظامك
منافسين,اثق بيكم,عدنا خبرة وتجارب ناجحة مع عملاء
اسعار,رخيص,عدنا باقات مرنة تناسب ميزانيتك
منافسين,شنو ميزتكم,نتميز بالجودة والدعم المستمر
دعم_فني,احتاج مساعدة,نضمن استقرار وأداء عالي لنظامك
دعم_فني,ما يشتغل,فريق الدعم جاهز يساعدك بأي وقت
دعم_فني,مشكلة,نحل المشكلة بأسرع وقت ممكن
دعم_فني,مشكلة,نضمن استقرار وأداء عالي لنظامك
منافسين,اثق بيكم,عدنا خبرة وتجارب ناجحة مع عملاء
منافسين,فرقكم,هدفنا نكون شريكك التقني الموثوق
اسعار,تكلفة المشروع,نحدد السعر حسب تفاصيل مشروعك ونقدم عرض مناسب
اسعار,بيش,نضمن لك أفضل قيمة مقابل السعر
دعم_فني,ما يشتغل,نضمن استقرار وأداء عالي لنظامك
منافسين,جودة,نتميز بالجودة والدعم المستمر
دعم_فني,احتاج مساعدة,نوفر دعم مستمر بعد التسليم
اسعار,تقسيط,نضمن لك أفضل قيمة مقابل السعر
اسعار,كم يكلف,نضمن لك أفضل قيمة مقابل السعر
منافسين,ليش اختاركم,هدفنا نكون شريكك التقني الموثوق
اسعار,اريد عرض سعر,نحدد السعر حسب تفاصيل مشروعك ونقدم عرض مناسب
اسعار,كم يكلف,نضمن لك أفضل قيمة مقابل السعر
منافسين,جودة,نتميز بالجودة والدعم المستمر
دعم_فني,تحديث,نضمن استقرار وأداء عالي لنظامك
دعم_فني,احتاج مساعدة,نحل المشكلة بأسرع وقت ممكن
دعم_فني,عندكم دعم,نضمن استقرار وأداء عالي لنظامك
اسعار,شكد السعر,عدنا باقات مرنة تناسب ميزانيتك
دعم_فني,مشكلة,نحل المشكلة بأسرع وقت ممكن
دعم_فني,دعم سريع,نوفر دعم مستمر بعد التسليم
دعم_فني,عندكم دعم,نضمن استقرار وأداء عالي لنظامك
اسعار,تكلفة المشروع,نحدد السعر حسب تفاصيل مشروعك ونقدم عرض مناسب
اسعار,غالي,نوضح كل التكاليف بشفافية قبل البدء
منافسين,شنو ميزتكم,نتميز بالجودة والدعم المستمر
دعم_فني,دعم سريع,فريق الدعم جاهز يساعدك بأي وقت
منافسين,ليش اختاركم,عدنا خبرة وتجارب ناجحة مع عملاء
منافسين,مقارنة,نقدم قيمة حقيقية مو بس خدمة
منافسين,افضل شركة,نقدم قيمة حقيقية مو بس خدمة
دعم_فني,ما يشتغل,نحل المشكلة بأسرع وقت ممكن
اسعار,اريد عرض سعر,عدنا باقات مرنة تناسب ميزانيتك
اسعار,غالي,نضمن لك أفضل قيمة مقابل السعر
دعم_فني,صيانة,فريق الدعم جاهز يساعدك بأي وقت
منافسين,جودة,نقدم قيمة حقيقية مو بس خدمة
دعم_فني,احتاج مساعدة,نحل المشكلة بأسرع وقت ممكن
دعم_فني,عندكم دعم,فريق الدعم جاهز يساعدك بأي وقت
دعم_فني,عندكم دعم,فريق الدعم جاهز يساعدك بأي وقت
اسعار,غالي,عدنا باقات مرنة تناسب ميزانيتك
منافسين,غيركم ارخص,عدنا خبرة وتجارب ناجحة مع عملاء
منافسين,تجارب,نتميز بالجودة والدعم المستمر
منافسين,افضل شركة,نتميز بالجودة والدعم المستمر
منافسين,شنو ميزتكم,هدفنا نكون شريكك التقني الموثوق
دعم_فني,صيانة,فريق الدعم جاهز يساعدك بأي وقت
اسعار,رخيص,عدنا باقات مرنة تناسب ميزانيتك
دعم_فني,صيانة,فريق الدعم جاهز يساعدك بأي وقت
دعم_فني,تعليق,فريق الدعم جاهز يساعدك بأي وقت
اسعار,اريد عرض سعر,عدنا باقات مرنة تناسب ميزانيتك
دعم_فني,ما يشتغل,نضمن استقرار وأداء عالي لنظامك
دعم_فني,عندكم دعم,نوفر دعم مستمر بعد التسليم
منافسين,اثق بيكم,نتميز بالجودة والدعم المستمر
منافسين,ليش اختاركم,نقدم قيمة حقيقية مو بس خدمة
اسعار,غالي,نوضح كل التكاليف بشفافية قبل البدء
منافسين,غيركم ارخص,نقدم قيمة حقيقية مو بس خدمة
دعم_فني,مشكلة,نحل المشكلة بأسرع وقت ممكن
منافسين,شنو ميزتكم,نتميز بالجودة والدعم المستمر
دعم_فني,تحديث,فريق الدعم جاهز يساعدك بأي وقت
اسعار,اريد عرض سعر,نحدد السعر حسب تفاصيل مشروعك ونقدم عرض مناسب
اسعار,بيش,عدنا باقات مرنة تناسب ميزانيتك
منافسين,اثق بيكم,عدنا خبرة وتجارب ناجحة مع عملاء
منافسين,فرقكم,نقدم قيمة حقيقية مو بس خدمة
اسعار,رخيص,نضمن لك أفضل قيمة مقابل السعر
دعم_فني,احتاج مساعدة,نضمن استقرار وأداء عالي لنظامك
منافسين,تجارب,نقدم قيمة حقيقية مو بس خدمة
دعم_فني,بطء,نضمن استقرار وأداء عالي لنظامك
اسعار,شكد السعر,نحدد السعر حسب تفاصيل مشروعك ونقدم عرض مناسب
منافسين,شنو ميزتكم,هدفنا نكون شريكك التقني الموثوق
اسعار,تقسيط,نحدد السعر حسب تفاصيل مشروعك ونقدم عرض مناسب
اسعار,تقسيط,نضمن لك أفضل قيمة مقابل السعر
